{"Identifier":"KPAE","name":"Snohomish County (Paine Field)","runways":[{"elevationRunwayEndRecip":578,"elevationTouchdownZoneBase":570,"overrunFtRecip":0,"ldaFtNightBase":9010,"ident":"16R-34L","trueHeading":179,"approachSlopeIndicatorRecip":"P4","longitudeRecip":-122.285303,"displacedThresholdLongitudeRecip":null,"approachLightingSystemBaseAvailable":true,"toraFtDayRecip":9010,"elevationTouchdownZoneRecip":584,"magneticHeading":163,"latitudeRecip":47.89664,"ldaFtDayRecip":9010,"approachSlopeIndicatorBase":"P4","approachSlopeIndicatorBaseAvailable":true,"glidePathAngleBase":3,"asdaFtDayBase":9010,"displacedThresholdRecip":false,"edgeLightUserPresentable":"High intensity","ldaFtDayBase":9010,"recipMagneticHeading":343,"displacedThresholdLengthBase":null,"markingsCondition":null,"glidePathAngleRecip":3,"approachSlopeIndicatorRecipAvailable":true,"overrunFtBase":0,"displacedThresholdLengthRecip":null,"ldaFtNightRecip":9010,"todaFtNightBase":9010,"todaFtNightRecip":9010,"asdaFtNightRecip":9010,"recipName":"34L","name":"16R","asdaFtDayRecip":9010,"edgeLightIntensityKnown":true,"displacedThresholdLatitudeBase":null,"gradientRecip":-0.166,"todaFtDayBase":9010,"approachLightingSystemRecipAvailable":true,"asdaFtNightBase":9010,"rightTrafficRecip":false,"elevationRunwayEndBase":563,"approachSlopeSideRecip":"LEFT","elevationThresholdRecip":null,"toraFtDayBase":9010,"approachSlopeSideBase":"RIGHT","approachLightingSystemRecip":"MALSF","latitudeBase":47.921335,"markingsType":null,"displacedThresholdLatitudeRecip":null,"elevationThresholdBase":null,"displacedThresholdLongitudeBase":null,"recipTrueHeading":359,"longitudeBase":-122.285851,"surfaceType":"ASPH_CONC","toraFtNightRecip":9010,"length":9010,"approachLightingSystemBase":"MALSR","gradientBase":0.166,"todaFtDayRecip":9010,"toraFtNightBase":9010,"edgeLightsIntensity":"High","width":150,"attributes":null,"surfaceQuality":"G","rightTrafficBase":true,"displacedThresholdBase":false},{"elevationRunwayEndRecip":600,"elevationTouchdownZoneBase":607,"overrunFtRecip":0,"ldaFtNightBase":3004,"ident":"16L-34R","trueHeading":180,"approachSlopeIndicatorRecip":"NONE","longitudeRecip":-122.271602,"displacedThresholdLongitudeRecip":null,"approachLightingSystemBaseAvailable":false,"toraFtDayRecip":3004,"elevationTouchdownZoneRecip":607,"magneticHeading":164,"latitudeRecip":47.898191,"ldaFtDayRecip":3004,"approachSlopeIndicatorBase":"NONE","approachSlopeIndicatorBaseAvailable":false,"glidePathAngleBase":null,"asdaFtDayBase":3004,"displacedThresholdRecip":false,"edgeLightUserPresentable":"Medium intensity","ldaFtDayBase":3004,"recipMagneticHeading":344,"displacedThresholdLengthBase":null,"markingsCondition":null,"glidePathAngleRecip":null,"approachSlopeIndicatorRecipAvailable":false,"overrunFtBase":0,"displacedThresholdLengthRecip":null,"ldaFtNightRecip":3004,"todaFtNightBase":3004,"todaFtNightRecip":3004,"asdaFtNightRecip":3004,"recipName":"34R","name":"16L","asdaFtDayRecip":3004,"edgeLightIntensityKnown":true,"displacedThresholdLatitudeBase":null,"gradientRecip":0.1,"todaFtDayBase":3004,"approachLightingSystemRecipAvailable":false,"asdaFtNightBase":3004,"rightTrafficRecip":true,"elevationRunwayEndBase":603,"approachSlopeSideRecip":"UNKNOWN","elevationThresholdRecip":null,"toraFtDayBase":3004,"approachSlopeSideBase":"UNKNOWN","approachLightingSystemRecip":"NONE","latitudeBase":47.906425,"markingsType":null,"displacedThresholdLatitudeRecip":null,"elevationThresholdBase":null,"displacedThresholdLongitudeBase":null,"recipTrueHeading":360,"longitudeBase":-122.271693,"surfaceType":"ASPH","toraFtNightRecip":3004,"length":3004,"approachLightingSystemBase":"NONE","gradientBase":-0.1,"todaFtDayRecip":3004,"toraFtNightBase":3004,"edgeLightsIntensity":"Medium","width":75,"attributes":null,"surfaceQuality":"G","rightTrafficBase":false,"displacedThresholdBase":false}],"Latitude":172466.3412,"Longitude":-440215.5384,"fahrenheitTemperature":48.2,"relativeHumidity":76,"currentWeatherReport":{"fahrenheitTemperature":48.2,"relativeHumidity":76,"cloudCoverage":[{"coverage":"ovc","ceiling":true,"altitudeFt":4100}]},"forecastWeatherReport":{"firstForecast":{"time":"Sun Jan 31 19:00:00 PST 2021","windDirection":160,"windSpeed":12.649999999999999},"secondForecast":{"time":"Mon Feb 01 00:00:00 PST 2021","windDirection":160,"windSpeed":10.35}}}